[
{
    "model": "API.basenamefilms",
    "pk": 1045,
    "fields": {
        "status": 2,
        "language_id": 2,
        "name": "new"
    }
},
{
    "model": "API.basenamefilms",
    "pk": 1044,
    "fields": {
        "status": 1,
        "language_id": 2,
        "name": "New"
    }
},
{
    "model": "API.basefilms",
    "pk": 50,
    "fields": {
        "year": 2014,
        "note": null,
        "type": null,
        "runtime": 99,
        "rated": null,
        "budget_id": null,
        "imdb_id": 2903560,
        "imdb_rate": null,
        "imdb_votes": null,
        "kid": 33414,
        "generated": 0,
        "generated_dtime": null
    }
},
{
    "model": "API.basenamefilms",
    "pk": 1039,
    "fields": {
        "status": 2,
        "language_id": 2,
        "name": "farfromthealtar"
    }
},
{
    "model": "API.basenamefilms",
    "pk": 1038,
    "fields": {
        "status": 1,
        "language_id": 2,
        "name": "Far from the Altar"
    }
},
{
    "model": "API.basefilms",
    "pk": 49,
    "fields": {
        "year": 2014,
        "note": null,
        "type": null,
        "runtime": 158,
        "rated": null,
        "budget_id": 1272,
        "imdb_id": 3708444,
        "imdb_rate": null,
        "imdb_votes": null,
        "kid": null,
        "generated": 0,
        "generated_dtime": null
    }
},
{
    "model": "API.basenamefilms",
    "pk": 1051,
    "fields": {
        "status": 2,
        "language_id": 2,
        "name": "adnauseam"
    }
},
{
    "model": "API.basenamefilms",
    "pk": 1050,
    "fields": {
        "status": 1,
        "language_id": 2,
        "name": "Ad Nauseam"
    }
},
{
    "model": "API.basefilms",
    "pk": 48,
    "fields": {
        "year": 2012,
        "note": null,
        "type": null,
        "runtime": 90,
        "rated": null,
        "budget_id": null,
        "imdb_id": 1830799,
        "imdb_rate": null,
        "imdb_votes": null,
        "kid": 33394,
        "generated": 0,
        "generated_dtime": null
    }
},
{
    "model": "API.basenamefilms",
    "pk": 1037,
    "fields": {
        "status": 2,
        "language_id": 2,
        "name": "mysteryworldofsex"
    }
},
{
    "model": "API.basenamefilms",
    "pk": 1036,
    "fields": {
        "status": 1,
        "language_id": 2,
        "name": "Mystery World Of Sex"
    }
},
{
    "model": "API.basefilms",
    "pk": 47,
    "fields": {
        "year": 2013,
        "note": null,
        "type": null,
        "runtime": 105,
        "rated": null,
        "budget_id": 1271,
        "imdb_id": 3243082,
        "imdb_rate": null,
        "imdb_votes": null,
        "kid": null,
        "generated": 0,
        "generated_dtime": null
    }
},
{
    "model": "API.basenamefilms",
    "pk": 1047,
    "fields": {
        "status": 2,
        "language_id": 2,
        "name": "edward"
    }
},
{
    "model": "API.basenamefilms",
    "pk": 1046,
    "fields": {
        "status": 1,
        "language_id": 2,
        "name": "Edward"
    }
},
{
    "model": "API.basefilms",
    "pk": 46,
    "fields": {
        "year": 2014,
        "note": null,
        "type": null,
        "runtime": 95,
        "rated": 16,
        "budget_id": 1270,
        "imdb_id": 1986146,
        "imdb_rate": null,
        "imdb_votes": null,
        "kid": 33406,
        "generated": 0,
        "generated_dtime": null
    }
},
{
    "model": "API.basenamefilms",
    "pk": 1033,
    "fields": {
        "status": 2,
        "language_id": 2,
        "name": "americanrescuesquad"
    }
},
{
    "model": "API.basenamefilms",
    "pk": 1032,
    "fields": {
        "status": 1,
        "language_id": 2,
        "name": "American Rescue Squad"
    }
},
{
    "model": "API.basefilms",
    "pk": 45,
    "fields": {
        "year": 2014,
        "note": null,
        "type": null,
        "runtime": 90,
        "rated": null,
        "budget_id": null,
        "imdb_id": 2261983,
        "imdb_rate": null,
        "imdb_votes": null,
        "kid": 33395,
        "generated": 0,
        "generated_dtime": null
    }
},
{
    "model": "API.basenamefilms",
    "pk": 1031,
    "fields": {
        "status": 2,
        "language_id": 2,
        "name": "khazana"
    }
},
{
    "model": "API.basenamefilms",
    "pk": 1030,
    "fields": {
        "status": 1,
        "language_id": 2,
        "name": "Khazana"
    }
},
{
    "model": "API.basefilms",
    "pk": 44,
    "fields": {
        "year": 2014,
        "note": null,
        "type": null,
        "runtime": null,
        "rated": null,
        "budget_id": 1269,
        "imdb_id": 2987980,
        "imdb_rate": null,
        "imdb_votes": null,
        "kid": 33408,
        "generated": 0,
        "generated_dtime": null
    }
},
{
    "model": "API.basenamefilms",
    "pk": 1025,
    "fields": {
        "status": 2,
        "language_id": 2,
        "name": "grainneuailethemovie"
    }
},
{
    "model": "API.basenamefilms",
    "pk": 1024,
    "fields": {
        "status": 1,
        "language_id": 2,
        "name": "Grainne Uaile-The Movie"
    }
},
{
    "model": "API.basefilms",
    "pk": 43,
    "fields": {
        "year": 2014,
        "note": null,
        "type": null,
        "runtime": 180,
        "rated": null,
        "budget_id": 1268,
        "imdb_id": 2766800,
        "imdb_rate": null,
        "imdb_votes": null,
        "kid": null,
        "generated": 0,
        "generated_dtime": null
    }
},
{
    "model": "API.basenamefilms",
    "pk": 1027,
    "fields": {
        "status": 2,
        "language_id": 2,
        "name": "room105"
    }
},
{
    "model": "API.basenamefilms",
    "pk": 1026,
    "fields": {
        "status": 1,
        "language_id": 2,
        "name": "Room 105"
    }
},
{
    "model": "API.basefilms",
    "pk": 42,
    "fields": {
        "year": 2014,
        "note": null,
        "type": null,
        "runtime": null,
        "rated": null,
        "budget_id": 1267,
        "imdb_id": 3106316,
        "imdb_rate": null,
        "imdb_votes": null,
        "kid": null,
        "generated": 0,
        "generated_dtime": null
    }
},
{
    "model": "API.basenamefilms",
    "pk": 1021,
    "fields": {
        "status": 2,
        "language_id": 2,
        "name": "killervision"
    }
},
{
    "model": "API.basenamefilms",
    "pk": 1020,
    "fields": {
        "status": 1,
        "language_id": 2,
        "name": "Killervision"
    }
},
{
    "model": "API.basefilms",
    "pk": 41,
    "fields": {
        "year": 2014,
        "note": null,
        "type": null,
        "runtime": 93,
        "rated": null,
        "budget_id": null,
        "imdb_id": 1976576,
        "imdb_rate": null,
        "imdb_votes": null,
        "kid": 33409,
        "generated": 0,
        "generated_dtime": null
    }
},
{
    "model": "API.basenamefilms",
    "pk": 1023,
    "fields": {
        "status": 2,
        "language_id": 2,
        "name": "theoatmealman"
    }
},
{
    "model": "API.basenamefilms",
    "pk": 1022,
    "fields": {
        "status": 1,
        "language_id": 2,
        "name": "The Oatmeal Man"
    }
},
{
    "model": "API.basefilms",
    "pk": 40,
    "fields": {
        "year": 2014,
        "note": null,
        "type": null,
        "runtime": null,
        "rated": 16,
        "budget_id": 1266,
        "imdb_id": 1641640,
        "imdb_rate": null,
        "imdb_votes": null,
        "kid": null,
        "generated": 0,
        "generated_dtime": null
    }
},
{
    "model": "API.basenamefilms",
    "pk": 1017,
    "fields": {
        "status": 2,
        "language_id": 2,
        "name": "untouched"
    }
},
{
    "model": "API.basenamefilms",
    "pk": 1016,
    "fields": {
        "status": 1,
        "language_id": 2,
        "name": "Untouched"
    }
},
{
    "model": "API.basefilms",
    "pk": 39,
    "fields": {
        "year": 2014,
        "note": null,
        "type": null,
        "runtime": 80,
        "rated": null,
        "budget_id": 1265,
        "imdb_id": 2265651,
        "imdb_rate": null,
        "imdb_votes": null,
        "kid": null,
        "generated": 0,
        "generated_dtime": null
    }
},
{
    "model": "API.basenamefilms",
    "pk": 1009,
    "fields": {
        "status": 2,
        "language_id": 2,
        "name": "termsampconditions"
    }
},
{
    "model": "API.basenamefilms",
    "pk": 1008,
    "fields": {
        "status": 1,
        "language_id": 2,
        "name": "Terms & Conditions"
    }
},
{
    "model": "API.basefilms",
    "pk": 38,
    "fields": {
        "year": 2014,
        "note": null,
        "type": null,
        "runtime": null,
        "rated": null,
        "budget_id": 1264,
        "imdb_id": 2948606,
        "imdb_rate": null,
        "imdb_votes": null,
        "kid": null,
        "generated": 0,
        "generated_dtime": null
    }
},
{
    "model": "API.basenamefilms",
    "pk": 1015,
    "fields": {
        "status": 2,
        "language_id": 2,
        "name": "outtokill"
    }
},
{
    "model": "API.basenamefilms",
    "pk": 1014,
    "fields": {
        "status": 1,
        "language_id": 2,
        "name": "Out to Kill"
    }
},
{
    "model": "API.basefilms",
    "pk": 37,
    "fields": {
        "year": 2014,
        "note": null,
        "type": null,
        "runtime": 83,
        "rated": null,
        "budget_id": null,
        "imdb_id": 3122422,
        "imdb_rate": null,
        "imdb_votes": null,
        "kid": null,
        "generated": 0,
        "generated_dtime": null
    }
},
{
    "model": "API.basenamefilms",
    "pk": 1013,
    "fields": {
        "status": 2,
        "language_id": 2,
        "name": "the3tailsmovieamermaidadventure"
    }
},
{
    "model": "API.basenamefilms",
    "pk": 1012,
    "fields": {
        "status": 1,
        "language_id": 2,
        "name": "The3Tails Movie: A Mermaid Adventure"
    }
},
{
    "model": "API.basefilms",
    "pk": 36,
    "fields": {
        "year": 2014,
        "note": null,
        "type": null,
        "runtime": null,
        "rated": null,
        "budget_id": 1263,
        "imdb_id": 3391348,
        "imdb_rate": null,
        "imdb_votes": null,
        "kid": null,
        "generated": 0,
        "generated_dtime": null
    }
},
{
    "model": "API.basenamefilms",
    "pk": 1029,
    "fields": {
        "status": 2,
        "language_id": 2,
        "name": "bigfootvsdbcooper"
    }
},
{
    "model": "API.basenamefilms",
    "pk": 1028,
    "fields": {
        "status": 1,
        "language_id": 2,
        "name": "Bigfoot vs. D.B. Cooper"
    }
},
{
    "model": "API.basefilms",
    "pk": 35,
    "fields": {
        "year": 2014,
        "note": null,
        "type": null,
        "runtime": 75,
        "rated": 16,
        "budget_id": 1262,
        "imdb_id": 3588938,
        "imdb_rate": null,
        "imdb_votes": null,
        "kid": 33403,
        "generated": 0,
        "generated_dtime": null
    }
},
{
    "model": "API.basenamefilms",
    "pk": 1007,
    "fields": {
        "status": 2,
        "language_id": 2,
        "name": "firetwister"
    }
},
{
    "model": "API.basenamefilms",
    "pk": 1006,
    "fields": {
        "status": 1,
        "language_id": 2,
        "name": "Fire Twister"
    }
},
{
    "model": "API.basefilms",
    "pk": 34,
    "fields": {
        "year": 2014,
        "note": null,
        "type": null,
        "runtime": null,
        "rated": null,
        "budget_id": null,
        "imdb_id": 3350436,
        "imdb_rate": null,
        "imdb_votes": null,
        "kid": 33407,
        "generated": 0,
        "generated_dtime": null
    }
},
{
    "model": "API.basenamefilms",
    "pk": 1019,
    "fields": {
        "status": 2,
        "language_id": 2,
        "name": "scavengerkillers"
    }
},
{
    "model": "API.basenamefilms",
    "pk": 1018,
    "fields": {
        "status": 1,
        "language_id": 2,
        "name": "Scavenger Killers"
    }
},
{
    "model": "API.basefilms",
    "pk": 33,
    "fields": {
        "year": 2013,
        "note": null,
        "type": null,
        "runtime": 100,
        "rated": 16,
        "budget_id": 1261,
        "imdb_id": 2375906,
        "imdb_rate": 4.5,
        "imdb_votes": 19,
        "kid": null,
        "generated": 0,
        "generated_dtime": null
    }
},
{
    "model": "API.basenamefilms",
    "pk": 1479,
    "fields": {
        "status": 2,
        "language_id": 2,
        "name": "mutualfriends"
    }
},
{
    "model": "API.basenamefilms",
    "pk": 1478,
    "fields": {
        "status": 1,
        "language_id": 2,
        "name": "Mutual Friends"
    }
},
{
    "model": "API.basefilms",
    "pk": 32,
    "fields": {
        "year": 2013,
        "note": null,
        "type": null,
        "runtime": null,
        "rated": null,
        "budget_id": 1260,
        "imdb_id": 2112209,
        "imdb_rate": 7.6,
        "imdb_votes": 27,
        "kid": 33410,
        "generated": 0,
        "generated_dtime": null
    }
},
{
    "model": "API.basenamefilms",
    "pk": 1003,
    "fields": {
        "status": 2,
        "language_id": 2,
        "name": "onceuponatimeinvietnam"
    }
},
{
    "model": "API.basenamefilms",
    "pk": 1002,
    "fields": {
        "status": 1,
        "language_id": 2,
        "name": "Once Upon a Time in Vietnam"
    }
},
{
    "model": "API.basefilms",
    "pk": 31,
    "fields": {
        "year": 2013,
        "note": null,
        "type": null,
        "runtime": null,
        "rated": 18,
        "budget_id": null,
        "imdb_id": 2531258,
        "imdb_rate": 5.9,
        "imdb_votes": 173,
        "kid": 33415,
        "generated": 0,
        "generated_dtime": null
    }
},
{
    "model": "API.basenamefilms",
    "pk": 1001,
    "fields": {
        "status": 2,
        "language_id": 2,
        "name": "novacancy"
    }
},
{
    "model": "API.basenamefilms",
    "pk": 1000,
    "fields": {
        "status": 1,
        "language_id": 2,
        "name": "No Vacancy"
    }
},
{
    "model": "API.basefilms",
    "pk": 30,
    "fields": {
        "year": 2012,
        "note": null,
        "type": null,
        "runtime": 78,
        "rated": 18,
        "budget_id": 1259,
        "imdb_id": 1854582,
        "imdb_rate": 4.2,
        "imdb_votes": 1225,
        "kid": 29845,
        "generated": 0,
        "generated_dtime": null
    }
},
{
    "model": "API.basenamefilms",
    "pk": 999,
    "fields": {
        "status": 2,
        "language_id": 2,
        "name": "eternal"
    }
},
{
    "model": "API.basenamefilms",
    "pk": 998,
    "fields": {
        "status": 1,
        "language_id": 2,
        "name": "Eternal"
    }
},
{
    "model": "API.basefilms",
    "pk": 29,
    "fields": {
        "year": 2014,
        "note": null,
        "type": null,
        "runtime": null,
        "rated": null,
        "budget_id": 1258,
        "imdb_id": 2912352,
        "imdb_rate": null,
        "imdb_votes": null,
        "kid": null,
        "generated": 0,
        "generated_dtime": null
    }
},
{
    "model": "API.basenamefilms",
    "pk": 995,
    "fields": {
        "status": 2,
        "language_id": 2,
        "name": "roughpatchtwistedfate"
    }
},
{
    "model": "API.basenamefilms",
    "pk": 994,
    "fields": {
        "status": 1,
        "language_id": 2,
        "name": "Rough Patch: Twisted Fate"
    }
},
{
    "model": "API.basefilms",
    "pk": 28,
    "fields": {
        "year": 2014,
        "note": null,
        "type": null,
        "runtime": null,
        "rated": null,
        "budget_id": null,
        "imdb_id": 2608564,
        "imdb_rate": null,
        "imdb_votes": null,
        "kid": null,
        "generated": 0,
        "generated_dtime": null
    }
},
{
    "model": "API.basenamefilms",
    "pk": 991,
    "fields": {
        "status": 2,
        "language_id": 2,
        "name": "thegrievancegroup"
    }
},
{
    "model": "API.basenamefilms",
    "pk": 990,
    "fields": {
        "status": 1,
        "language_id": 2,
        "name": "The Grievance Group"
    }
},
{
    "model": "API.basefilms",
    "pk": 27,
    "fields": {
        "year": 2014,
        "note": null,
        "type": null,
        "runtime": null,
        "rated": null,
        "budget_id": 1257,
        "imdb_id": 3476780,
        "imdb_rate": null,
        "imdb_votes": null,
        "kid": null,
        "generated": 0,
        "generated_dtime": null
    }
},
{
    "model": "API.basenamefilms",
    "pk": 5537,
    "fields": {
        "status": 2,
        "language_id": 2,
        "name": "wwemoneyinthebank"
    }
},
{
    "model": "API.basenamefilms",
    "pk": 5536,
    "fields": {
        "status": 1,
        "language_id": 2,
        "name": "WWE Money in the Bank"
    }
},
{
    "model": "API.basefilms",
    "pk": 26,
    "fields": {
        "year": 2014,
        "note": null,
        "type": null,
        "runtime": null,
        "rated": null,
        "budget_id": null,
        "imdb_id": 3808076,
        "imdb_rate": null,
        "imdb_votes": null,
        "kid": null,
        "generated": 0,
        "generated_dtime": null
    }
},
{
    "model": "API.basenamefilms",
    "pk": 965,
    "fields": {
        "status": 2,
        "language_id": 2,
        "name": "girlslikeuspart2"
    }
},
{
    "model": "API.basenamefilms",
    "pk": 964,
    "fields": {
        "status": 1,
        "language_id": 2,
        "name": "Girls Like Us! Part 2"
    }
},
{
    "model": "API.basefilms",
    "pk": 25,
    "fields": {
        "year": 2014,
        "note": null,
        "type": null,
        "runtime": null,
        "rated": null,
        "budget_id": 1256,
        "imdb_id": 3384218,
        "imdb_rate": null,
        "imdb_votes": null,
        "kid": null,
        "generated": 0,
        "generated_dtime": null
    }
},
{
    "model": "API.basenamefilms",
    "pk": 957,
    "fields": {
        "status": 2,
        "language_id": 2,
        "name": "thecaretakers"
    }
},
{
    "model": "API.basenamefilms",
    "pk": 956,
    "fields": {
        "status": 1,
        "language_id": 2,
        "name": "The Caretakers"
    }
},
{
    "model": "API.basefilms",
    "pk": 24,
    "fields": {
        "year": 2014,
        "note": null,
        "type": null,
        "runtime": null,
        "rated": null,
        "budget_id": null,
        "imdb_id": 3522000,
        "imdb_rate": null,
        "imdb_votes": null,
        "kid": null,
        "generated": 0,
        "generated_dtime": null
    }
},
{
    "model": "API.basenamefilms",
    "pk": 951,
    "fields": {
        "status": 2,
        "language_id": 2,
        "name": "sanctuaryquiteaconundrum"
    }
},
{
    "model": "API.basenamefilms",
    "pk": 950,
    "fields": {
        "status": 1,
        "language_id": 2,
        "name": "Sanctuary; Quite a Conundrum"
    }
},
{
    "model": "API.basefilms",
    "pk": 23,
    "fields": {
        "year": 2012,
        "note": null,
        "type": null,
        "runtime": 82,
        "rated": 16,
        "budget_id": 1255,
        "imdb_id": 2049518,
        "imdb_rate": 6.7,
        "imdb_votes": 98,
        "kid": null,
        "generated": 0,
        "generated_dtime": null
    }
},
{
    "model": "API.basenamefilms",
    "pk": 939,
    "fields": {
        "status": 2,
        "language_id": 2,
        "name": "myeleventh"
    }
},
{
    "model": "API.basenamefilms",
    "pk": 938,
    "fields": {
        "status": 1,
        "language_id": 2,
        "name": "My Eleventh"
    }
},
{
    "model": "API.basefilms",
    "pk": 22,
    "fields": {
        "year": 2014,
        "note": null,
        "type": null,
        "runtime": null,
        "rated": 16,
        "budget_id": null,
        "imdb_id": 2040440,
        "imdb_rate": null,
        "imdb_votes": null,
        "kid": 33413,
        "generated": 0,
        "generated_dtime": null
    }
},
{
    "model": "API.basenamefilms",
    "pk": 913,
    "fields": {
        "status": 2,
        "language_id": 2,
        "name": "deathhair2"
    }
},
{
    "model": "API.basenamefilms",
    "pk": 912,
    "fields": {
        "status": 1,
        "language_id": 2,
        "name": "Death Hair 2"
    }
},
{
    "model": "API.basefilms",
    "pk": 21,
    "fields": {
        "year": 2014,
        "note": null,
        "type": null,
        "runtime": null,
        "rated": 16,
        "budget_id": 1254,
        "imdb_id": 3089276,
        "imdb_rate": null,
        "imdb_votes": null,
        "kid": 33404,
        "generated": 0,
        "generated_dtime": null
    }
},
{
    "model": "API.basenamefilms",
    "pk": 911,
    "fields": {
        "status": 2,
        "language_id": 2,
        "name": "thejudaskiss"
    }
},
{
    "model": "API.basenamefilms",
    "pk": 910,
    "fields": {
        "status": 1,
        "language_id": 2,
        "name": "The Judas Kiss"
    }
},
{
    "model": "API.basefilms",
    "pk": 20,
    "fields": {
        "year": 2014,
        "note": null,
        "type": null,
        "runtime": 91,
        "rated": null,
        "budget_id": null,
        "imdb_id": 1432114,
        "imdb_rate": null,
        "imdb_votes": null,
        "kid": null,
        "generated": 0,
        "generated_dtime": null
    }
},
{
    "model": "API.basenamefilms",
    "pk": 899,
    "fields": {
        "status": 2,
        "language_id": 2,
        "name": "scienceteam"
    }
},
{
    "model": "API.basenamefilms",
    "pk": 898,
    "fields": {
        "status": 1,
        "language_id": 2,
        "name": "Science Team"
    }
},
{
    "model": "API.basefilms",
    "pk": 19,
    "fields": {
        "year": 2014,
        "note": null,
        "type": null,
        "runtime": 82,
        "rated": 16,
        "budget_id": 1253,
        "imdb_id": 3160398,
        "imdb_rate": null,
        "imdb_votes": null,
        "kid": null,
        "generated": 0,
        "generated_dtime": null
    }
},
{
    "model": "API.basenamefilms",
    "pk": 891,
    "fields": {
        "status": 2,
        "language_id": 2,
        "name": "siddharth"
    }
},
{
    "model": "API.basenamefilms",
    "pk": 890,
    "fields": {
        "status": 1,
        "language_id": 2,
        "name": "Siddharth"
    }
},
{
    "model": "API.basefilms",
    "pk": 18,
    "fields": {
        "year": 2013,
        "note": null,
        "type": null,
        "runtime": 96,
        "rated": null,
        "budget_id": null,
        "imdb_id": 2932606,
        "imdb_rate": 7.2,
        "imdb_votes": 89,
        "kid": 33425,
        "generated": 0,
        "generated_dtime": null
    }
},
{
    "model": "API.basenamefilms",
    "pk": 879,
    "fields": {
        "status": 2,
        "language_id": 2,
        "name": "drones"
    }
},
{
    "model": "API.basenamefilms",
    "pk": 878,
    "fields": {
        "status": 1,
        "language_id": 2,
        "name": "Drones"
    }
},
{
    "model": "API.basefilms",
    "pk": 17,
    "fields": {
        "year": 2013,
        "note": null,
        "type": null,
        "runtime": 82,
        "rated": null,
        "budget_id": null,
        "imdb_id": 2179027,
        "imdb_rate": 5.9,
        "imdb_votes": 20,
        "kid": 33405,
        "generated": 0,
        "generated_dtime": null
    }
},
{
    "model": "API.basenamefilms",
    "pk": 885,
    "fields": {
        "status": 2,
        "language_id": 2,
        "name": "jackpot"
    }
},
{
    "model": "API.basenamefilms",
    "pk": 884,
    "fields": {
        "status": 1,
        "language_id": 2,
        "name": "Jackpot"
    }
},
{
    "model": "API.basefilms",
    "pk": 16,
    "fields": {
        "year": 2011,
        "note": null,
        "type": null,
        "runtime": 90,
        "rated": null,
        "budget_id": null,
        "imdb_id": 1809231,
        "imdb_rate": 6.6,
        "imdb_votes": 1643,
        "kid": 30538,
        "generated": 0,
        "generated_dtime": null
    }
},
{
    "model": "API.basenamefilms",
    "pk": 5531,
    "fields": {
        "status": 2,
        "language_id": 2,
        "name": "unrelated"
    }
},
{
    "model": "API.basenamefilms",
    "pk": 5530,
    "fields": {
        "status": 1,
        "language_id": 2,
        "name": "Unrelated"
    }
},
{
    "model": "API.basefilms",
    "pk": 15,
    "fields": {
        "year": 2007,
        "note": null,
        "type": null,
        "runtime": 100,
        "rated": null,
        "budget_id": null,
        "imdb_id": 1107850,
        "imdb_rate": 6.4,
        "imdb_votes": 612,
        "kid": null,
        "generated": 0,
        "generated_dtime": null
    }
},
{
    "model": "API.basenamefilms",
    "pk": 877,
    "fields": {
        "status": 2,
        "language_id": 2,
        "name": "thecheftheactorthescoundrel"
    }
},
{
    "model": "API.basenamefilms",
    "pk": 876,
    "fields": {
        "status": 1,
        "language_id": 2,
        "name": "The Chef, The Actor, The Scoundrel"
    }
},
{
    "model": "API.basefilms",
    "pk": 14,
    "fields": {
        "year": 2013,
        "note": null,
        "type": null,
        "runtime": 108,
        "rated": null,
        "budget_id": null,
        "imdb_id": 2645044,
        "imdb_rate": 5.5,
        "imdb_votes": 253,
        "kid": null,
        "generated": 0,
        "generated_dtime": null
    }
},
{
    "model": "API.basenamefilms",
    "pk": 5529,
    "fields": {
        "status": 2,
        "language_id": 2,
        "name": "archipelago"
    }
},
{
    "model": "API.basenamefilms",
    "pk": 5528,
    "fields": {
        "status": 1,
        "language_id": 2,
        "name": "Archipelago"
    }
},
{
    "model": "API.basefilms",
    "pk": 13,
    "fields": {
        "year": 2010,
        "note": null,
        "type": null,
        "runtime": 114,
        "rated": null,
        "budget_id": null,
        "imdb_id": 1527835,
        "imdb_rate": 6.0,
        "imdb_votes": 971,
        "kid": 28555,
        "generated": 0,
        "generated_dtime": null
    }
},
{
    "model": "API.basenamefilms",
    "pk": 869,
    "fields": {
        "status": 2,
        "language_id": 2,
        "name": "radiofreealbemuth"
    }
},
{
    "model": "API.basenamefilms",
    "pk": 868,
    "fields": {
        "status": 1,
        "language_id": 2,
        "name": "Radio Free Albemuth"
    }
},
{
    "model": "API.basefilms",
    "pk": 12,
    "fields": {
        "year": 2010,
        "note": null,
        "type": null,
        "runtime": 111,
        "rated": 18,
        "budget_id": 1252,
        "imdb_id": 1129396,
        "imdb_rate": 6.5,
        "imdb_votes": 257,
        "kid": 33423,
        "generated": 0,
        "generated_dtime": null
    }
},
{
    "model": "API.basenamefilms",
    "pk": 859,
    "fields": {
        "status": 2,
        "language_id": 2,
        "name": "theincredibles"
    }
},
{
    "model": "API.basenamefilms",
    "pk": 858,
    "fields": {
        "status": 1,
        "language_id": 2,
        "name": "The Incredibles"
    }
},
{
    "model": "API.basefilms",
    "pk": 11,
    "fields": {
        "year": 2004,
        "note": null,
        "type": null,
        "runtime": 115,
        "rated": 0,
        "budget_id": 1251,
        "imdb_id": 317705,
        "imdb_rate": 8.0,
        "imdb_votes": 347578,
        "kid": 2140,
        "generated": 0,
        "generated_dtime": null
    }
},
{
    "model": "API.basenamefilms",
    "pk": 565,
    "fields": {
        "status": 2,
        "language_id": 2,
        "name": "beginagain"
    }
},
{
    "model": "API.basenamefilms",
    "pk": 564,
    "fields": {
        "status": 1,
        "language_id": 2,
        "name": "Begin Again"
    }
},
{
    "model": "API.basefilms",
    "pk": 10,
    "fields": {
        "year": 2013,
        "note": null,
        "type": null,
        "runtime": 104,
        "rated": 18,
        "budget_id": null,
        "imdb_id": 1980929,
        "imdb_rate": 7.4,
        "imdb_votes": 495,
        "kid": 29773,
        "generated": 0,
        "generated_dtime": null
    }
},
{
    "model": "API.basenamefilms",
    "pk": 717,
    "fields": {
        "status": 2,
        "language_id": 2,
        "name": "theycametogether"
    }
},
{
    "model": "API.basenamefilms",
    "pk": 716,
    "fields": {
        "status": 1,
        "language_id": 2,
        "name": "They Came Together"
    }
},
{
    "model": "API.basefilms",
    "pk": 9,
    "fields": {
        "year": 2014,
        "note": null,
        "type": null,
        "runtime": 83,
        "rated": null,
        "budget_id": null,
        "imdb_id": 2398249,
        "imdb_rate": 7.0,
        "imdb_votes": 249,
        "kid": 32259,
        "generated": 0,
        "generated_dtime": null
    }
},
{
    "model": "API.basenamefilms",
    "pk": 857,
    "fields": {
        "status": 2,
        "language_id": 2,
        "name": "transformersageofextinction"
    }
},
{
    "model": "API.basenamefilms",
    "pk": 856,
    "fields": {
        "status": 1,
        "language_id": 2,
        "name": "Transformers: Age of Extinction"
    }
},
{
    "model": "API.basefilms",
    "pk": 8,
    "fields": {
        "year": 2014,
        "note": null,
        "type": null,
        "runtime": null,
        "rated": 16,
        "budget_id": 1250,
        "imdb_id": 2109248,
        "imdb_rate": 7.9,
        "imdb_votes": 960,
        "kid": 30168,
        "generated": 0,
        "generated_dtime": null
    }
},
{
    "model": "API.basenamefilms",
    "pk": 853,
    "fields": {
        "status": 2,
        "language_id": 2,
        "name": "adangerouscure"
    }
},
{
    "model": "API.basenamefilms",
    "pk": 852,
    "fields": {
        "status": 1,
        "language_id": 2,
        "name": "A Dangerous Cure"
    }
},
{
    "model": "API.basefilms",
    "pk": 7,
    "fields": {
        "year": 2014,
        "note": null,
        "type": null,
        "runtime": 60,
        "rated": 16,
        "budget_id": 1249,
        "imdb_id": 3406478,
        "imdb_rate": null,
        "imdb_votes": null,
        "kid": 33393,
        "generated": 0,
        "generated_dtime": null
    }
},
{
    "model": "API.basenamefilms",
    "pk": 839,
    "fields": {
        "status": 2,
        "language_id": 2,
        "name": "sweetboy"
    }
},
{
    "model": "API.basenamefilms",
    "pk": 838,
    "fields": {
        "status": 1,
        "language_id": 2,
        "name": "Sweetboy"
    }
},
{
    "model": "API.basefilms",
    "pk": 6,
    "fields": {
        "year": 2013,
        "note": null,
        "type": null,
        "runtime": 80,
        "rated": null,
        "budget_id": null,
        "imdb_id": 2650498,
        "imdb_rate": null,
        "imdb_votes": null,
        "kid": null,
        "generated": 0,
        "generated_dtime": null
    }
},
{
    "model": "API.basenamefilms",
    "pk": 495,
    "fields": {
        "status": 2,
        "language_id": 2,
        "name": "happychristmas"
    }
},
{
    "model": "API.basenamefilms",
    "pk": 494,
    "fields": {
        "status": 1,
        "language_id": 2,
        "name": "Happy Christmas"
    }
},
{
    "model": "API.basefilms",
    "pk": 5,
    "fields": {
        "year": 2014,
        "note": null,
        "type": null,
        "runtime": 78,
        "rated": 18,
        "budget_id": null,
        "imdb_id": 2955096,
        "imdb_rate": 6.4,
        "imdb_votes": 145,
        "kid": 32213,
        "generated": 0,
        "generated_dtime": null
    }
},
{
    "model": "API.basenamefilms",
    "pk": 797,
    "fields": {
        "status": 2,
        "language_id": 2,
        "name": "ransumgames"
    }
},
{
    "model": "API.basenamefilms",
    "pk": 796,
    "fields": {
        "status": 1,
        "language_id": 2,
        "name": "Ransum Games"
    }
},
{
    "model": "API.basefilms",
    "pk": 3,
    "fields": {
        "year": 2014,
        "note": null,
        "type": null,
        "runtime": 89,
        "rated": null,
        "budget_id": 1248,
        "imdb_id": 3331986,
        "imdb_rate": null,
        "imdb_votes": null,
        "kid": null,
        "generated": 0,
        "generated_dtime": null
    }
},
{
    "model": "API.basenamefilms",
    "pk": 783,
    "fields": {
        "status": 2,
        "language_id": 2,
        "name": "allaboutevil"
    }
},
{
    "model": "API.basenamefilms",
    "pk": 782,
    "fields": {
        "status": 1,
        "language_id": 2,
        "name": "All About Evil"
    }
},
{
    "model": "API.basefilms",
    "pk": 1,
    "fields": {
        "year": 2010,
        "note": null,
        "type": null,
        "runtime": 98,
        "rated": 16,
        "budget_id": null,
        "imdb_id": 1307858,
        "imdb_rate": 6.3,
        "imdb_votes": 848,
        "kid": 14252,
        "generated": 0,
        "generated_dtime": null
    }
},
{
    "model": "API.basefilmsname",
    "pk": 100,
    "fields": {
        "films": 50,
        "namefilms_id": 1045
    }
},
{
    "model": "API.basefilmsname",
    "pk": 99,
    "fields": {
        "films": 50,
        "namefilms_id": 1044
    }
},
{
    "model": "API.basefilmsname",
    "pk": 98,
    "fields": {
        "films": 49,
        "namefilms_id": 1039
    }
},
{
    "model": "API.basefilmsname",
    "pk": 97,
    "fields": {
        "films": 49,
        "namefilms_id": 1038
    }
},
{
    "model": "API.basefilmsname",
    "pk": 96,
    "fields": {
        "films": 48,
        "namefilms_id": 1051
    }
},
{
    "model": "API.basefilmsname",
    "pk": 95,
    "fields": {
        "films": 48,
        "namefilms_id": 1050
    }
},
{
    "model": "API.basefilmsname",
    "pk": 94,
    "fields": {
        "films": 47,
        "namefilms_id": 1037
    }
},
{
    "model": "API.basefilmsname",
    "pk": 93,
    "fields": {
        "films": 47,
        "namefilms_id": 1036
    }
},
{
    "model": "API.basefilmsname",
    "pk": 92,
    "fields": {
        "films": 46,
        "namefilms_id": 1047
    }
},
{
    "model": "API.basefilmsname",
    "pk": 91,
    "fields": {
        "films": 46,
        "namefilms_id": 1046
    }
},
{
    "model": "API.basefilmsname",
    "pk": 90,
    "fields": {
        "films": 45,
        "namefilms_id": 1033
    }
},
{
    "model": "API.basefilmsname",
    "pk": 89,
    "fields": {
        "films": 45,
        "namefilms_id": 1032
    }
},
{
    "model": "API.basefilmsname",
    "pk": 88,
    "fields": {
        "films": 44,
        "namefilms_id": 1031
    }
},
{
    "model": "API.basefilmsname",
    "pk": 87,
    "fields": {
        "films": 44,
        "namefilms_id": 1030
    }
},
{
    "model": "API.basefilmsname",
    "pk": 86,
    "fields": {
        "films": 43,
        "namefilms_id": 1025
    }
},
{
    "model": "API.basefilmsname",
    "pk": 85,
    "fields": {
        "films": 43,
        "namefilms_id": 1024
    }
},
{
    "model": "API.basefilmsname",
    "pk": 84,
    "fields": {
        "films": 42,
        "namefilms_id": 1027
    }
},
{
    "model": "API.basefilmsname",
    "pk": 83,
    "fields": {
        "films": 42,
        "namefilms_id": 1026
    }
},
{
    "model": "API.basefilmsname",
    "pk": 82,
    "fields": {
        "films": 41,
        "namefilms_id": 1021
    }
},
{
    "model": "API.basefilmsname",
    "pk": 81,
    "fields": {
        "films": 41,
        "namefilms_id": 1020
    }
},
{
    "model": "API.basefilmsname",
    "pk": 80,
    "fields": {
        "films": 40,
        "namefilms_id": 1023
    }
},
{
    "model": "API.basefilmsname",
    "pk": 79,
    "fields": {
        "films": 40,
        "namefilms_id": 1022
    }
},
{
    "model": "API.basefilmsname",
    "pk": 78,
    "fields": {
        "films": 39,
        "namefilms_id": 1017
    }
},
{
    "model": "API.basefilmsname",
    "pk": 77,
    "fields": {
        "films": 39,
        "namefilms_id": 1016
    }
},
{
    "model": "API.basefilmsname",
    "pk": 76,
    "fields": {
        "films": 38,
        "namefilms_id": 1009
    }
},
{
    "model": "API.basefilmsname",
    "pk": 75,
    "fields": {
        "films": 38,
        "namefilms_id": 1008
    }
},
{
    "model": "API.basefilmsname",
    "pk": 74,
    "fields": {
        "films": 37,
        "namefilms_id": 1015
    }
},
{
    "model": "API.basefilmsname",
    "pk": 73,
    "fields": {
        "films": 37,
        "namefilms_id": 1014
    }
},
{
    "model": "API.basefilmsname",
    "pk": 72,
    "fields": {
        "films": 36,
        "namefilms_id": 1013
    }
},
{
    "model": "API.basefilmsname",
    "pk": 71,
    "fields": {
        "films": 36,
        "namefilms_id": 1012
    }
},
{
    "model": "API.basefilmsname",
    "pk": 70,
    "fields": {
        "films": 35,
        "namefilms_id": 1029
    }
},
{
    "model": "API.basefilmsname",
    "pk": 69,
    "fields": {
        "films": 35,
        "namefilms_id": 1028
    }
},
{
    "model": "API.basefilmsname",
    "pk": 68,
    "fields": {
        "films": 34,
        "namefilms_id": 1007
    }
},
{
    "model": "API.basefilmsname",
    "pk": 67,
    "fields": {
        "films": 34,
        "namefilms_id": 1006
    }
},
{
    "model": "API.basefilmsname",
    "pk": 66,
    "fields": {
        "films": 33,
        "namefilms_id": 1019
    }
},
{
    "model": "API.basefilmsname",
    "pk": 65,
    "fields": {
        "films": 33,
        "namefilms_id": 1018
    }
},
{
    "model": "API.basefilmsname",
    "pk": 64,
    "fields": {
        "films": 32,
        "namefilms_id": 1479
    }
},
{
    "model": "API.basefilmsname",
    "pk": 63,
    "fields": {
        "films": 32,
        "namefilms_id": 1478
    }
},
{
    "model": "API.basefilmsname",
    "pk": 62,
    "fields": {
        "films": 31,
        "namefilms_id": 1003
    }
},
{
    "model": "API.basefilmsname",
    "pk": 61,
    "fields": {
        "films": 31,
        "namefilms_id": 1002
    }
},
{
    "model": "API.basefilmsname",
    "pk": 60,
    "fields": {
        "films": 30,
        "namefilms_id": 1001
    }
},
{
    "model": "API.basefilmsname",
    "pk": 59,
    "fields": {
        "films": 30,
        "namefilms_id": 1000
    }
},
{
    "model": "API.basefilmsname",
    "pk": 58,
    "fields": {
        "films": 29,
        "namefilms_id": 999
    }
},
{
    "model": "API.basefilmsname",
    "pk": 57,
    "fields": {
        "films": 29,
        "namefilms_id": 998
    }
},
{
    "model": "API.basefilmsname",
    "pk": 56,
    "fields": {
        "films": 28,
        "namefilms_id": 995
    }
},
{
    "model": "API.basefilmsname",
    "pk": 55,
    "fields": {
        "films": 28,
        "namefilms_id": 994
    }
},
{
    "model": "API.basefilmsname",
    "pk": 54,
    "fields": {
        "films": 27,
        "namefilms_id": 991
    }
},
{
    "model": "API.basefilmsname",
    "pk": 53,
    "fields": {
        "films": 27,
        "namefilms_id": 990
    }
},
{
    "model": "API.basefilmsname",
    "pk": 52,
    "fields": {
        "films": 26,
        "namefilms_id": 5537
    }
},
{
    "model": "API.basefilmsname",
    "pk": 51,
    "fields": {
        "films": 26,
        "namefilms_id": 5536
    }
},
{
    "model": "API.basefilmsname",
    "pk": 50,
    "fields": {
        "films": 25,
        "namefilms_id": 965
    }
},
{
    "model": "API.basefilmsname",
    "pk": 49,
    "fields": {
        "films": 25,
        "namefilms_id": 964
    }
},
{
    "model": "API.basefilmsname",
    "pk": 48,
    "fields": {
        "films": 24,
        "namefilms_id": 957
    }
},
{
    "model": "API.basefilmsname",
    "pk": 47,
    "fields": {
        "films": 24,
        "namefilms_id": 956
    }
},
{
    "model": "API.basefilmsname",
    "pk": 46,
    "fields": {
        "films": 23,
        "namefilms_id": 951
    }
},
{
    "model": "API.basefilmsname",
    "pk": 45,
    "fields": {
        "films": 23,
        "namefilms_id": 950
    }
},
{
    "model": "API.basefilmsname",
    "pk": 44,
    "fields": {
        "films": 22,
        "namefilms_id": 939
    }
},
{
    "model": "API.basefilmsname",
    "pk": 43,
    "fields": {
        "films": 22,
        "namefilms_id": 938
    }
},
{
    "model": "API.basefilmsname",
    "pk": 42,
    "fields": {
        "films": 21,
        "namefilms_id": 913
    }
},
{
    "model": "API.basefilmsname",
    "pk": 41,
    "fields": {
        "films": 21,
        "namefilms_id": 912
    }
},
{
    "model": "API.basefilmsname",
    "pk": 40,
    "fields": {
        "films": 20,
        "namefilms_id": 911
    }
},
{
    "model": "API.basefilmsname",
    "pk": 39,
    "fields": {
        "films": 20,
        "namefilms_id": 910
    }
},
{
    "model": "API.basefilmsname",
    "pk": 38,
    "fields": {
        "films": 19,
        "namefilms_id": 899
    }
},
{
    "model": "API.basefilmsname",
    "pk": 37,
    "fields": {
        "films": 19,
        "namefilms_id": 898
    }
},
{
    "model": "API.basefilmsname",
    "pk": 36,
    "fields": {
        "films": 18,
        "namefilms_id": 891
    }
},
{
    "model": "API.basefilmsname",
    "pk": 35,
    "fields": {
        "films": 18,
        "namefilms_id": 890
    }
},
{
    "model": "API.basefilmsname",
    "pk": 34,
    "fields": {
        "films": 17,
        "namefilms_id": 879
    }
},
{
    "model": "API.basefilmsname",
    "pk": 33,
    "fields": {
        "films": 17,
        "namefilms_id": 878
    }
},
{
    "model": "API.basefilmsname",
    "pk": 32,
    "fields": {
        "films": 16,
        "namefilms_id": 885
    }
},
{
    "model": "API.basefilmsname",
    "pk": 31,
    "fields": {
        "films": 16,
        "namefilms_id": 884
    }
},
{
    "model": "API.basefilmsname",
    "pk": 30,
    "fields": {
        "films": 15,
        "namefilms_id": 5531
    }
},
{
    "model": "API.basefilmsname",
    "pk": 29,
    "fields": {
        "films": 15,
        "namefilms_id": 5530
    }
},
{
    "model": "API.basefilmsname",
    "pk": 28,
    "fields": {
        "films": 14,
        "namefilms_id": 877
    }
},
{
    "model": "API.basefilmsname",
    "pk": 27,
    "fields": {
        "films": 14,
        "namefilms_id": 876
    }
},
{
    "model": "API.basefilmsname",
    "pk": 26,
    "fields": {
        "films": 13,
        "namefilms_id": 5529
    }
},
{
    "model": "API.basefilmsname",
    "pk": 25,
    "fields": {
        "films": 13,
        "namefilms_id": 5528
    }
},
{
    "model": "API.basefilmsname",
    "pk": 24,
    "fields": {
        "films": 12,
        "namefilms_id": 869
    }
},
{
    "model": "API.basefilmsname",
    "pk": 23,
    "fields": {
        "films": 12,
        "namefilms_id": 868
    }
},
{
    "model": "API.basefilmsname",
    "pk": 22,
    "fields": {
        "films": 11,
        "namefilms_id": 859
    }
},
{
    "model": "API.basefilmsname",
    "pk": 21,
    "fields": {
        "films": 11,
        "namefilms_id": 858
    }
},
{
    "model": "API.basefilmsname",
    "pk": 20,
    "fields": {
        "films": 10,
        "namefilms_id": 565
    }
},
{
    "model": "API.basefilmsname",
    "pk": 19,
    "fields": {
        "films": 10,
        "namefilms_id": 564
    }
},
{
    "model": "API.basefilmsname",
    "pk": 18,
    "fields": {
        "films": 9,
        "namefilms_id": 717
    }
},
{
    "model": "API.basefilmsname",
    "pk": 17,
    "fields": {
        "films": 9,
        "namefilms_id": 716
    }
},
{
    "model": "API.basefilmsname",
    "pk": 16,
    "fields": {
        "films": 8,
        "namefilms_id": 857
    }
},
{
    "model": "API.basefilmsname",
    "pk": 15,
    "fields": {
        "films": 8,
        "namefilms_id": 856
    }
},
{
    "model": "API.basefilmsname",
    "pk": 14,
    "fields": {
        "films": 7,
        "namefilms_id": 853
    }
},
{
    "model": "API.basefilmsname",
    "pk": 13,
    "fields": {
        "films": 7,
        "namefilms_id": 852
    }
},
{
    "model": "API.basefilmsname",
    "pk": 12,
    "fields": {
        "films": 6,
        "namefilms_id": 839
    }
},
{
    "model": "API.basefilmsname",
    "pk": 11,
    "fields": {
        "films": 6,
        "namefilms_id": 838
    }
},
{
    "model": "API.basefilmsname",
    "pk": 10,
    "fields": {
        "films": 5,
        "namefilms_id": 495
    }
},
{
    "model": "API.basefilmsname",
    "pk": 9,
    "fields": {
        "films": 5,
        "namefilms_id": 494
    }
},
{
    "model": "API.basefilmsname",
    "pk": 6,
    "fields": {
        "films": 3,
        "namefilms_id": 797
    }
},
{
    "model": "API.basefilmsname",
    "pk": 5,
    "fields": {
        "films": 3,
        "namefilms_id": 796
    }
},
{
    "model": "API.basefilmsname",
    "pk": 2,
    "fields": {
        "films": 1,
        "namefilms_id": 783
    }
},
{
    "model": "API.basefilmsname",
    "pk": 1,
    "fields": {
        "films": 1,
        "namefilms_id": 782
    }
}
]
